ScanDir ID,Site,Gender,Age,Handedness,DX
10005,5,1,11.92,0.68,2
10041,5,1,9.22,0.43,2
23003,6,1,7.67,1,2
1208586,4,1,20.89,1,2
2074737,4,1,14.09,1,2
2876903,4,1,11.05,3,2
2929195,6,1,9.583333333,1,2
3190461,4,1,19.88,1,2
3286474,6,0,8.083333333,1,2
3310328,3,1,9.97,1,2
3559087,1,1,12.58,1,2
7446626,4,0,13.81,1,2
8387093,4,1,18.59,0,2
